word,weight
aback,58
abate,58
abhor,58
abide,58
abode,58
abort,58
about,58
above,58
abuse,58
abuzz,58
abyss,58
acorn,58
acrid,58
actor,58
acute,58
adage,58
adapt,58
adept,58
admit,58
adobe,58
adopt,58
adore,58
adorn,58
adult,58
aegis,58
afoot,58
afoul,58
after,58
again,58
agent,58
agile,58
aging,58
agony,58
agree,58
ahead,58
aioli,58
aisle,58
alarm,58
album,58
alert,58
algae,58
alias,58
alibi,58
alien,58
align,58
alike,58
alive,58
allay,58
alley,58
allow,58
alloy,58
aloft,58
alone,58
along,58
aloof,58
aloud,58
alpha,58
altar,58
alter,58
amass,58
amaze,58
amber,58
amble,58
amend,58
amino,58
amiss,58
among,58
ample,58
amply,58
amuse,58
angel,58
anger,58
angle,58
angry,58
angst,58
anime,58
anise,58
ankle,58
annex,58
annoy,58
annul,58
antic,58
antsy,58
anvil,58
aorta,58
apace,58
apart,58
apnea,58
apple,58
apply,58
apron,58
aptly,58
arena,58
argue,58
arise,58
armed,58
armor,58
aroma,58
arose,58
array,58
arrow,58
arson,58
artsy,58
ashen,58
aside,58
askew,58
asset,58
atone,58
attic,58
audio,58
audit,58
aural,58
avail,58
avert,58
avian,58
avoid,58
await,58
awake,58
award,58
aware,58
awash,58
awful,58
awoke,58
axiom,58
azure,58
bacon,58
badge,58
badly,58
bagel,58
baggy,58
baked,58
baker,58
balky,58
balmy,58
banal,58
banjo,58
barge,58
baron,58
basic,58
basil,58
basin,58
basis,58
baste,58
batch,58
bathe,58
baton,58
bawdy,58
beach,58
beard,58
beast,58
bebop,58
beech,58
beefy,58
began,58
begin,58
begun,58
beige,58
being,58
belch,58
belie,58
belle,58
belly,58
below,58
bench,58
beret,58
berry,58
berth,58
beset,58
bigot,58
biker,58
binge,58
bingo,58
birch,58
birth,58
bison,58
black,58
blade,58
blame,58
bland,58
blank,58
blare,58
blase,58
blast,58
blaze,58
bleak,58
bleed,58
blend,58
bless,58
blind,58
bling,58
blink,58
bliss,58
blitz,58
bloat,58
block,58
blond,58
blood,58
bloom,58
blown,58
bluff,58
blunt,58
blurb,58
blurt,58
blush,58
board,58
boast,58
bogey,58
bogus,58
bonus,58
boost,58
booth,58
booze,58
boozy,58
bored,58
borne,58
bosom,58
bossy,58
botch,58
bound,58
bowel,58
boxer,58
brace,58
braid,58
brain,58
brake,58
brand,58
brash,58
brass,58
brave,58
bravo,58
brawl,58
brawn,58
bread,58
break,58
breed,58
bribe,58
brick,58
bride,58
brief,58
brine,58
bring,58
brink,58
briny,58
brisk,58
broad,58
broil,58
broke,58
brood,58
brook,58
broom,58
broth,58
brown,58
brunt,58
brush,58
brute,58
buddy,58
budge,58
buggy,58
bugle,58
build,58
built,58
bulge,58
bulky,58
bully,58
bumpy,58
bunch,58
bunny,58
burly,58
burnt,58
burst,58
bushy,58
buyer,58
buzzy,58
cabal,58
cabin,58
cable,58
cache,58
cadet,58
cadre,58
cagey,58
camel,58
cameo,58
campy,58
canal,58
candy,58
canny,58
canoe,58
canon,58
caper,58
cargo,58
carry,58
carte,58
carve,58
caste,58
catch,58
cater,58
caulk,58
cause,58
cease,58
cedar,58
cello,58
chafe,58
chain,58
chair,58
chalk,58
champ,58
chant,58
chaos,58
chard,58
charm,58
chart,58
chase,58
chasm,58
cheap,58
cheat,58
check,58
cheek,58
cheer,58
chess,58
chest,58
chewy,58
chick,58
chief,58
child,58
chile,58
chili,58
chill,58
chime,58
chimp,58
china,58
chirp,58
chive,58
choir,58
choke,58
chord,58
chore,58
chose,58
chunk,58
churn,58
chute,58
cider,58
cigar,58
cinch,58
circa,58
civic,58
civil,58
claim,58
clamp,58
clang,58
clank,58
clash,58
clasp,58
class,58
clean,58
clear,58
cleft,58
clerk,58
click,58
cliff,58
climb,58
cling,58
clink,58
cloak,58
clock,58
clone,58
close,58
cloth,58
cloud,58
clout,58
clove,58
clown,58
clump,58
clung,58
coach,58
coast,58
cobra,58
cocky,58
cocoa,58
coder,58
colon,58
color,58
combo,58
comet,58
comfy,58
comic,58
comma,58
condo,58
conga,58
coral,58
corny,58
corps,58
couch,58
cough,58
could,58
count,58
coupe,58
court,58
cover,58
covet,58
cower,58
coyly,58
crack,58
craft,58
cramp,58
crane,58
crank,58
crash,58
crass,58
crate,58
crave,58
crawl,58
craze,58
crazy,58
cream,58
credo,58
creed,58
creek,58
creep,58
creme,58
crepe,58
crept,58
crest,58
cried,58
crime,58
crimp,58
crisp,58
croak,58
crock,58
crony,58
crook,58
croon,58
cross,58
crowd,58
crown,58
crude,58
cruel,58
crumb,58
crush,58
crust,58
crypt,58
cubic,58
cumin,58
curly,58
curry,58
curse,58
curve,58
curvy,58
cushy,58
cyber,58
cycle,58
cynic,58
daddy,58
daffy,58
daily,58
dairy,58
daisy,58
dance,58
dandy,58
dealt,58
death,58
debit,58
debut,58
decay,58
decor,58
decoy,58
decry,58
defer,58
deity,58
delay,58
delta,58
delve,58
demon,58
denim,58
dense,58
depot,58
depth,58
derby,58
deter,58
detox,58
devil,58
diary,58
dicey,58
digit,58
dimly,58
diner,58
dingy,58
dirty,58
disco,58
ditch,58
ditty,58
diver,58
dizzy,58
dodge,58
dodgy,58
dogma,58
doing,58
domed,58
donor,58
donut,58
dopey,58
doubt,58
dough,58
douse,58
dowdy,58
dozen,58
draft,58
drain,58
drama,58
drank,58
drape,58
drawl,58
drawn,58
dread,58
dream,58
dress,58
dried,58
drier,58
drift,58
drill,58
drink,58
drive,58
droll,58
drone,58
drool,58
droop,58
drove,58
drown,58
drunk,58
dryer,58
dryly,58
dummy,58
dusky,58
dusty,58
dwarf,58
dwell,58
dying,58
eager,58
eagle,58
early,58
earth,58
easel,58
eaten,58
eater,58
ebony,58
edict,58
eerie,58
eight,58
eject,58
elbow,58
elder,58
elect,58
elegy,58
elite,58
elude,58
email,58
embed,58
ember,58
emoji,58
empty,58
enact,58
endow,58
enemy,58
enjoy,58
ennui,58
ensue,58
enter,58
entry,58
envoy,58
epoch,58
equal,58
equip,58
erase,58
erect,58
erode,58
error,58
erupt,58
essay,58
ether,58
ethic,58
ethos,58
evade,58
event,58
every,58
evict,58
evoke,58
exact,58
excel,58
exert,58
exile,58
exist,58
expat,58
expel,58
extol,58
extra,58
exude,58
fable,58
facet,58
faint,58
fairy,58
faith,58
false,58
famed,58
fancy,58
farce,58
fatal,58
fatty,58
fatwa,58
fault,58
fauna,58
favor,58
feast,58
fecal,58
felon,58
fence,58
feral,58
ferry,58
fetal,58
fetch,58
fetid,58
fetus,58
fever,58
fewer,58
fiber,58
field,58
fiend,58
fiery,58
fifth,58
fifty,58
fight,58
filet,58
filly,58
filth,58
final,58
finer,58
first,58
fishy,58
fixer,58
fizzy,58
flail,58
flair,58
flake,58
flaky,58
flame,58
flank,58
flare,58
flash,58
flask,58
fleet,58
flesh,58
flick,58
flier,58
fling,58
flirt,58
float,58
flock,58
flood,58
floor,58
flora,58
floss,58
flour,58
flout,58
flown,58
fluff,58
fluid,58
fluke,58
flung,58
flunk,58
flush,58
flute,58
flyer,58
focal,58
focus,58
foggy,58
folly,58
foray,58
force,58
forge,58
forgo,58
forte,58
forth,58
forty,58
forum,58
found,58
foyer,58
frail,58
frame,58
franc,58
frank,58
fraud,58
freak,58
freed,58
freer,58
fresh,58
fried,58
frisk,58
frock,58
front,58
frost,58
froth,58
frown,58
froze,58
fruit,58
fudge,58
fugue,58
fully,58
fungi,58
funky,58
funny,58
furor,58
furry,58
fussy,58
fuzzy,58
gaffe,58
gamer,58
gamut,58
gated,58
gator,58
gaudy,58
gauge,58
gaunt,58
gauze,58
gauzy,58
gavel,58
geeky,58
geese,58
genie,58
genre,58
ghost,58
giant,58
giddy,58
girth,58
given,58
giver,58
gland,58
glare,58
glass,58
glaze,58
gleam,58
glean,58
glide,58
glint,58
glitz,58
gloat,58
globe,58
gloom,58
glory,58
gloss,58
glove,58
gnome,58
going,58
gonna,58
gooey,58
goofy,58
goose,58
gorge,58
gotta,58
grace,58
grade,58
graft,58
grail,58
grain,58
grand,58
grant,58
grape,58
graph,58
grasp,58
grass,58
grate,58
grave,58
gravy,58
graze,58
great,58
greed,58
green,58
greet,58
grief,58
grill,58
grime,58
grimy,58
grind,58
gripe,58
grist,58
groan,58
groom,58
gross,58
group,58
grove,58
growl,58
grown,58
gruff,58
grunt,58
guard,58
guess,58
guest,58
guide,58
guild,58
guile,58
guilt,58
guise,58
gulag,58
gumbo,58
gummy,58
gusto,58
gutsy,58
habit,58
haiku,58
hairy,58
halal,58
halve,58
handy,58
happy,58
hardy,58
harem,58
harsh,58
haste,58
hasty,58
hatch,58
haunt,58
haute,58
haven,58
havoc,58
hazel,58
heady,58
heard,58
heart,58
heath,58
heave,58
heavy,58
hedge,58
hefty,58
heist,58
hello,58
hence,58
heron,58
hijab,58
hiker,58
hilly,58
hinge,58
hippo,58
hitch,58
hoard,58
hoary,58
hobby,58
hoist,58
hokey,58
homer,58
homey,58
honey,58
honor,58
horde,58
horse,58
hotel,58
hotly,58
hound,58
house,58
hover,58
human,58
humid,58
humor,58
hunch,58
hunky,58
hurry,58
husky,58
hyena,58
hyper,58
icing,58
ideal,58
idiom,58
idiot,58
idyll,58
image,58
imbue,58
imply,58
inane,58
inbox,58
incur,58
index,58
indie,58
inept,58
inert,58
infer,58
inlet,58
inner,58
input,58
inset,58
intro,58
irate,58
irony,58
issue,58
itchy,58
ivory,58
jaded,58
jaunt,58
jazzy,58
jelly,58
jerky,58
jewel,58
jiffy,58
joint,58
joker,58
jokey,58
jolly,58
judge,58
juice,58
juicy,58
jumbo,58
jumpy,58
junta,58
juror,58
karma,58
kayak,58
kebab,58
khaki,58
kinda,58
kinky,58
kiosk,58
kitty,58
knack,58
knead,58
kneel,58
knell,58
knelt,58
knife,58
knock,58
knoll,58
known,58
koala,58
kooky,58
kudos,58
label,58
labor,58
laden,58
ladle,58
lance,58
lanky,58
lapel,58
lapse,58
large,58
laser,58
lasso,58
latch,58
later,58
latex,58
latte,58
laugh,58
layer,58
layup,58
leafy,58
leaky,58
leapt,58
learn,58
lease,58
leash,58
least,58
leave,58
ledge,58
leery,58
lefty,58
legal,58
legit,58
lemon,58
levee,58
level,58
lever,58
libel,58
light,58
liken,58
lilac,58
limbo,58
limit,58
linen,58
liner,58
lingo,58
lithe,58
liver,58
livid,58
llama,58
loath,58
lobby,58
local,58
locus,58
lodge,58
lofty,58
logic,58
loner,58
loony,58
loopy,58
loose,58
loser,58
lotus,58
lousy,58
lover,58
lower,58
lowly,58
loyal,58
lucid,58
lucky,58
lumpy,58
lunar,58
lunch,58
lunge,58
lupus,58
lurch,58
lurid,58
lusty,58
lying,58
lymph,58
lyric,58
macho,58
macro,58
madly,58
mafia,58
magic,58
major,58
maker,58
manga,58
mango,58
mania,58
manic,58
manly,58
manor,58
maple,58
march,58
marry,58
marsh,58
mason,58
masse,58
match,58
matte,58
matzo,58
mauve,58
maven,58
maxim,58
maybe,58
mayor,58
meant,58
meaty,58
mecca,58
medal,58
media,58
medic,58
melee,58
melon,58
mercy,58
merge,58
merit,58
merry,58
messy,58
metal,58
meter,58
metro,58
micro,58
midst,58
might,58
milky,58
mimic,58
mince,58
miner,58
minor,58
minty,58
minus,58
misty,58
mixer,58
modal,58
model,58
modem,58
modus,58
mogul,58
moist,58
molar,58
moldy,58
mommy,58
money,58
month,58
moody,58
moose,58
moped,58
moral,58
moron,58
morph,58
mossy,58
motel,58
motif,58
motor,58
motto,58
mound,58
mount,58
mourn,58
mouse,58
mouth,58
mover,58
movie,58
mower,58
moxie,58
mucus,58
muddy,58
muggy,58
mulch,58
mummy,58
munch,58
mural,58
murky,58
mushy,58
music,58
musty,58
nadir,58
naive,58
naked,58
nanny,58
nasal,58
nasty,58
natty,58
naval,58
navel,58
needy,58
nerdy,58
nerve,58
nervy,58
never,58
newer,58
newly,58
nexus,58
nicer,58
niche,58
niece,58
nifty,58
night,58
ninth,58
noble,58
nobly,58
noise,58
noisy,58
nomad,58
noose,58
north,58
notch,58
novel,58
nudge,58
nurse,58
nutty,58
nylon,58
nymph,58
oasis,58
obese,58
occur,58
ocean,58
odder,58
oddly,58
offer,58
often,58
older,58
olive,58
onion,58
onset,58
oomph,58
opera,58
opium,58
optic,58
orbit,58
order,58
organ,58
other,58
otter,58
ought,58
ounce,58
outdo,58
outer,58
outre,58
overt,58
owing,58
owner,58
oxide,58
ozone,58
paean,58
pagan,58
pager,58
paint,58
palsy,58
panda,58
panel,58
panic,58
papal,58
paper,58
parka,58
parse,58
party,58
passe,58
pasta,58
paste,58
patch,58
patio,58
patty,58
pause,58
peace,58
peach,58
pearl,58
pecan,58
pedal,58
penal,58
pence,58
penny,58
peppy,58
perch,58
peril,58
perky,58
pesky,58
pesto,58
petal,58
petit,58
petri,58
petty,58
phase,58
phone,58
phony,58
photo,58
piano,58
picky,58
piece,58
piety,58
piggy,58
pilot,58
pinch,58
pinot,58
pinup,58
pious,58
pique,58
pitch,58
pithy,58
pivot,58
pixie,58
pizza,58
place,58
plaid,58
plain,58
plane,58
plank,58
plant,58
plate,58
plaza,58
plead,58
pluck,58
plumb,58
plume,58
plump,58
plush,58
poach,58
point,58
poise,58
poker,58
polar,58
polio,58
polka,58
poppy,58
porch,58
posse,58
pouch,58
pound,58
power,58
prank,58
press,58
price,58
pride,58
pried,58
prima,58
prime,58
print,58
prior,58
prism,58
privy,58
prize,58
probe,58
promo,58
prone,58
prong,58
proof,58
prose,58
proud,58
prove,58
prowl,58
proxy,58
prude,58
prune,58
psalm,58
pudgy,58
puffy,58
pulpy,58
pulse,58
punch,58
pupil,58
puppy,58
puree,58
purer,58
purge,58
purse,58
pushy,58
quack,58
quail,58
quake,58
quart,58
quash,58
quasi,58
queen,58
queer,58
quell,58
query,58
quest,58
queue,58
quick,58
quiet,58
quill,58
quilt,58
quirk,58
quite,58
quota,58
quote,58
rabbi,58
rabid,58
racer,58
radar,58
radio,58
rainy,58
raise,58
rally,58
ramen,58
ranch,58
range,58
rangy,58
rapid,58
rarer,58
raspy,58
ratio,58
ratty,58
raven,58
razor,58
reach,58
react,58
ready,58
realm,58
rebel,58
rebut,58
recap,58
recur,58
reedy,58
refer,58
regal,58
rehab,58
reign,58
relax,58
relay,58
relic,58
remix,58
renew,58
repay,58
repel,58
reply,58
rerun,58
reset,58
resin,58
retro,58
reuse,58
revel,58
revue,58
rhino,58
rhyme,58
rider,58
ridge,58
rifle,58
right,58
rigid,58
rigor,58
rinse,58
ripen,58
risen,58
risky,58
rival,58
riven,58
river,58
roach,58
roast,58
robin,58
robot,58
rocky,58
rodeo,58
rogue,58
roomy,58
roost,58
rough,58
round,58
rouse,58
route,58
rover,58
rowdy,58
royal,58
ruble,58
ruddy,58
rugby,58
ruler,58
rumor,58
runny,58
rural,58
rusty,58
sadly,58
safer,58
saint,58
salad,58
salon,58
salsa,58
salty,58
salve,58
salvo,58
samba,58
sandy,58
sappy,58
sassy,58
satin,58
sauce,58
saucy,58
sauna,58
saute,58
saver,58
savor,58
savvy,58
scale,58
scalp,58
scaly,58
scant,58
scare,58
scarf,58
scary,58
scene,58
scent,58
scion,58
scoff,58
scold,58
scone,58
scoop,58
scope,58
score,58
scorn,58
scour,58
scout,58
scowl,58
scrap,58
screw,58
scrim,58
scrub,58
scrum,58
scuba,58
sedan,58
seedy,58
segue,58
seize,58
sense,58
serum,58
serve,58
setup,58
seven,58
sever,58
sewer,58
shack,58
shade,58
shady,58
shaft,58
shake,58
shaky,58
shale,58
shall,58
shame,58
shank,58
shape,58
shard,58
share,58
shark,58
sharp,58
shave,58
shawl,58
sheaf,58
sheen,58
sheep,58
sheer,58
sheet,58
sheik,58
shelf,58
shell,58
shied,58
shift,58
shine,58
shiny,58
shirt,58
shock,58
shone,58
shook,58
shoot,58
shore,58
shorn,58
short,58
shout,58
shove,58
shown,58
showy,58
shred,58
shrub,58
shrug,58
shyly,58
siege,58
sieve,58
sight,58
silky,58
silly,58
since,58
sinus,58
siren,58
sixth,58
sixty,58
skate,58
skier,58
skill,58
skimp,58
skirt,58
skull,58
skunk,58
slack,58
slain,58
slang,58
slant,58
slash,58
slate,58
sleek,58
sleep,58
sleet,58
slept,58
slice,58
slick,58
slide,58
slime,58
slimy,58
sling,58
slope,58
sloth,58
slump,58
slung,58
slurp,58
slush,58
slyly,58
smack,58
small,58
smart,58
smash,58
smear,58
smell,58
smile,58
smirk,58
smoke,58
smoky,58
snack,58
snail,58
snake,58
snare,58
snarl,58
sneak,58
sneer,58
snide,58
sniff,58
snoop,58
snore,58
snort,58
snout,58
snowy,58
snuck,58
snuff,58
soapy,58
sober,58
soggy,58
solar,58
solid,58
solve,58
sonar,58
sonic,58
sorry,58
sound,58
soupy,58
south,58
space,58
spade,58
spank,58
spare,58
spark,58
spasm,58
spate,58
spawn,58
speak,58
spear,58
speck,58
speed,58
spell,58
spend,58
spent,58
sperm,58
spice,58
spicy,58
spied,58
spike,58
spiky,58
spill,58
spine,58
spire,58
spite,58
split,58
spoil,58
spoke,58
spoof,58
spook,58
spoon,58
spore,58
sport,58
spout,58
spray,58
spree,58
sprig,58
spurn,58
spurt,58
squad,58
squat,58
squid,58
stack,58
staff,58
stage,58
staid,58
stain,58
stair,58
stake,58
stale,58
stalk,58
stall,58
stamp,58
stand,58
stare,58
stark,58
start,58
stash,58
state,58
stave,58
stead,58
steak,58
steal,58
steam,58
steel,58
steep,58
steer,58
stern,58
stick,58
stiff,58
still,58
sting,58
stink,58
stint,58
stock,58
stoic,58
stoke,58
stole,58
stomp,58
stone,58
stony,58
stood,58
stool,58
stoop,58
store,58
stork,58
storm,58
story,58
stout,58
stove,58
strap,58
straw,58
stray,58
strip,58
strut,58
stuck,58
study,58
stuff,58
stump,58
stung,58
stunt,58
style,58
suave,58
suede,58
sugar,58
suing,58
suite,58
sunny,58
super,58
surge,58
surly,58
sushi,58
swamp,58
swank,58
swarm,58
swath,58
swear,58
sweat,58
sweep,58
sweet,58
swell,58
swept,58
swift,58
swine,58
swing,58
swipe,58
swirl,58
swoon,58
swoop,58
sword,58
swore,58
sworn,58
swung,58
syrup,58
table,58
taboo,58
tacit,58
tacky,58
taint,58
taken,58
taker,58
tally,58
talon,58
tamer,58
tango,58
tangy,58
taper,58
tardy,58
taste,58
tasty,58
taunt,58
teach,58
teary,58
tease,58
teddy,58
teeth,58
tempo,58
tempt,58
tenet,58
tenor,58
tense,58
tenth,58
tepid,58
terra,58
terse,58
testy,58
thank,58
theft,58
their,58
theme,58
there,58
these,58
thick,58
thief,58
thigh,58
thing,58
think,58
third,58
thong,58
thorn,58
those,58
three,58
threw,58
throb,58
throw,58
thumb,58
thump,58
thyme,58
tiara,58
tidal,58
tiger,58
tight,58
timer,58
timid,58
tinge,58
tinny,58
tipsy,58
tired,58
titan,58
title,58
toast,58
today,58
token,58
tonal,58
toner,58
tonic,58
tooth,58
topic,58
torch,58
torso,58
total,58
totem,58
touch,58
tough,58
towel,58
tower,58
toxic,58
toxin,58
trace,58
track,58
tract,58
trade,58
trail,58
train,58
trait,58
trans,58
trash,58
tread,58
treat,58
trend,58
trial,58
tribe,58
trick,58
tried,58
tripe,58
trite,58
troll,58
troop,58
trope,58
trout,58
trove,58
truce,58
truck,58
truer,58
truly,58
trump,58
trunk,58
trust,58
truth,58
tryst,58
tulip,58
tulle,58
tumor,58
tunic,58
tutor,58
twang,58
tweak,58
tweed,58
tween,58
tweet,58
twice,58
twine,58
twirl,58
twist,58
tying,58
ulcer,58
ultra,58
uncle,58
under,58
undid,58
undue,58
unfit,58
unify,58
union,58
unite,58
unity,58
unmet,58
untie,58
until,58
unzip,58
upend,58
upper,58
upset,58
urban,58
urine,58
usage,58
usher,58
using,58
usual,58
usurp,58
utter,58
vague,58
valet,58
valid,58
value,58
valve,58
vapid,58
vapor,58
vault,58
vegan,58
venal,58
venom,58
venue,58
verge,58
verse,58
verve,58
vicar,58
video,58
vigil,58
vigor,58
villa,58
vinyl,58
viola,58
viper,58
viral,58
virus,58
visit,58
visor,58
vista,58
vital,58
vitro,58
vivid,58
vocal,58
vodka,58
vogue,58
voice,58
voila,58
vomit,58
voter,58
vouch,58
vowel,58
vying,58
wacky,58
wafer,58
wager,58
wagon,58
waist,58
waive,58
waltz,58
waste,58
watch,58
water,58
waver,58
weary,58
weave,58
wedge,58
weepy,58
weigh,58
weird,58
whack,58
whale,58
wharf,58
wheat,58
wheel,58
where,58
which,58
whiff,58
while,58
whine,58
whiny,58
whirl,58
whisk,58
white,58
whole,58
whose,58
widen,58
wider,58
widow,58
width,58
wield,58
wince,58
windy,58
wiper,58
wiser,58
wispy,58
witch,58
witty,58
woken,58
woman,58
women,58
wonky,58
woody,58
woozy,58
world,58
worry,58
worse,58
worst,58
worth,58
would,58
wound,58
woven,58
wrath,58
wreak,58
wreck,58
wrest,58
wring,58
wrist,58
write,58
wrong,58
wrote,58
wrung,58
wryly,58
yacht,58
yearn,58
yeast,58
yield,58
young,58
youth,58
zebra,58
zesty,58
zippy,58
chemo,58
penne,57.99
affix,57.99
fusty,57.99
gawky,57.99
retry,57.99
unwed,57.98
teeny,57.98
feign,57.98
sepia,57.98
tuner,57.98
conch,57.98
deuce,57.97
spiel,57.97
tawny,57.97
folky,57.97
bayou,57.96
yummy,57.96
ditto,57.96
afire,57.96
leggy,57.95
lifer,57.95
spunk,57.95
aglow,57.95
tramp,57.95
stent,57.95
augur,57.95
lager,57.94
uncut,57.94
pubic,57.93
gonzo,57.93
tarot,57.93
chuck,57.92
gusty,57.92
agape,57.91
atlas,57.9
argot,57.9
posit,57.9
fryer,57.9
rumba,57.9
talky,57.9
snark,57.9
ocher,57.89
seamy,57.89
taupe,57.89
turbo,57.89
tummy,57.89
login,57.89
sooty,57.89
pixel,57.87
bloop,57.87
agave,57.86
girly,57.86
cabby,57.86
cacao,57.86
maize,57.86
plunk,57.86
dirge,57.85
renal,57.85
potty,57.85
riser,57.85
gizmo,57.84
weedy,57.83
doozy,57.83
foamy,57.83
aerie,57.83
randy,57.83
madam,57.82
femur,57.81
shirk,57.81
mambo,57.8
mirth,57.8
whoop,57.8
mezzo,57.8
duvet,57.8
surer,57.79
wimpy,57.79
futon,57.78
elfin,57.78
parry,57.77
grope,57.76
liven,57.76
umami,57.76
wordy,57.76
payer,57.75
torte,57.75
thrum,57.74
goody,57.73
queso,57.73
mocha,57.71
smock,57.71
doggy,57.71
guava,57.71
catty,57.71
rupee,57.7
curio,57.7
laity,57.7
skein,57.7
ardor,57.69
swish,57.69
eking,57.69
intel,57.69
shear,57.68
sully,57.68
pasty,57.67
sable,57.67
buxom,57.67
hooky,57.67
ninja,57.67
chump,57.67
redux,57.67
epoxy,57.66
musky,57.66
opine,57.66
adieu,57.66
valor,57.64
hater,57.64
strep,57.64
begat,57.64
skiff,57.63
tizzy,57.63
divvy,57.62
pooch,57.62
dowry,57.61
hammy,57.61
punky,57.61
chide,57.6
jammy,57.6
preen,57.6
beget,57.6
scoot,57.6
truss,57.6
blimp,57.59
leach,57.59
paddy,57.59
abbey,57.58
gouge,57.58
trill,57.58
dorky,57.58
ritzy,57.57
triad,57.57
holly,57.56
gamma,57.56
peter,57.56
sumac,57.55
fella,57.55
putty,57.55
creak,57.55
helix,57.55
offal,57.55
shalt,57.55
spiny,57.55
butch,57.54
yucca,57.54
horny,57.54
psych,57.53
feint,57.53
gourd,57.53
redid,57.53
slink,57.53
piper,57.52
pilaf,57.5
barre,57.49
rebar,57.48
rouge,57.48
pouty,57.47
chock,57.47
batty,57.46
taffy,57.46
chaff,57.45
stunk,57.44
godly,57.44
paler,57.43
saner,57.42
jetty,57.42
squab,57.41
shiva,57.41
merch,57.41
shill,57.41
sissy,57.41
filmy,57.4
mousy,57.4
sitar,57.39
hokum,57.39
trawl,57.39
remit,57.38
unlit,57.38
decal,57.36
foist,57.36
synth,57.36
fount,57.35
strum,57.35
mopey,57.33
adobo,57.33
peeve,57.33
sulky,57.33
dwelt,57.32
olden,57.32
manse,57.31
gruel,57.29
rotor,57.28
bicep,57.27
friar,57.27
pygmy,57.27
wacko,57.26
exalt,57.26
pinky,57.25
bocce,57.24
gaily,57.24
atoll,57.24
prawn,57.24
agita,57.23
allot,57.23
rower,57.23
aping,57.23
roman,57.22
dolly,57.22
manna,57.22
ahold,57.21
twill,57.2
joust,57.19
tibia,57.19
deign,57.19
igloo,57.19
slunk,57.19
spool,57.19
panko,57.18
cuter,57.17
bloke,57.17
liter,57.16
dumpy,57.15
downy,57.15
magma,57.14
staph,57.13
lucre,57.12
abbot,57.12
dotty,57.1
caddy,57.1
decaf,57.1
octet,57.1
fjord,57.08
gimme,57.08
henna,57.08
inlay,57.08
letup,57.08
flint,57.07
piney,57.07
billy,57.05
bluer,57.05
shuck,57.04
ulnar,57.04
exult,57.03
sinew,57.03
crema,57.03
golly,57.03
satay,57.03
sidle,57.03
batik,57.02
snipe,57.02
wanly,57.02
rebus,57.01
flyby,57
boson,57
sloop,57
terry,57
bream,56.99
ombre,56.99
diode,56.98
hydro,56.96
stilt,56.96
vixen,56.96
icily,56.96
kudzu,56.96
ricin,56.96
mealy,56.95
peony,56.95
ditsy,56.94
emote,56.94
carol,56.93
steed,56.93
amity,56.91
bylaw,56.91
oldie,56.91
gully,56.91
shunt,56.91
junky,56.9
saggy,56.9
ancho,56.89
bento,56.89
amour,56.89
ovary,56.89
stank,56.89
tabby,56.89
dacha,56.88
spelt,56.88
newsy,56.87
patsy,56.87
lathe,56.86
snafu,56.86
inter,56.84
ochre,56.84
aspen,56.81
dishy,56.81
flack,56.81
leper,56.79
fluky,56.78
basal,56.77
folic,56.77
grout,56.77
splat,56.77
ditzy,56.75
winch,56.75
dinky,56.74
sudsy,56.74
dross,56.73
hissy,56.73
demur,56.73
smelt,56.73
bobby,56.71
carom,56.71
dully,56.71
ficus,56.7
pinto,56.7
kaput,56.68
usury,56.68
jowly,56.67
rearm,56.67
saber,56.67
eying,56.66
pokey,56.66
pylon,56.66
doula,56.65
goner,56.65
cutup,56.65
kugel,56.64
synod,56.64
tepee,56.64
hovel,56.63
impel,56.63
islet,56.62
mirin,56.6
swill,56.6
yucky,56.59
mochi,56.58
rivet,56.57
tatty,56.56
synch,56.55
bongo,56.54
crier,56.54
dunce,56.54
skeet,56.54
glade,56.52
mangy,56.52
tarry,56.51
befit,56.5
chomp,56.49
emcee,56.49
rayon,56.49
recut,56.49
gable,56.47
rummy,56.47
slosh,56.47
edema,56.46
hooey,56.46
gecko,56.45
gluey,56.45
gushy,56.45
krill,56.45
gofer,56.44
shrew,56.44
bidet,56.43
loamy,56.42
punny,56.42
lipid,56.41
aspic,56.4
cleat,56.4
scuff,56.4
boggy,56.38
busty,56.38
divan,56.37
slake,56.37
riper,56.36
shush,56.36
coven,56.35
unhip,56.35
agate,56.32
julep,56.32
ovoid,56.32
hutch,56.31
mucky,56.31
satyr,56.31
clack,56.3
cacti,56.27
capri,56.27
fudgy,56.27
leech,56.27
morel,56.27
sunup,56.27
torta,56.27
momma,56.26
begot,56.24
porky,56.24
runup,56.24
kazoo,56.22
cutie,56.21
crone,56.2
frill,56.2
snaky,56.2
larva,56.18
skulk,56.18
boffo,56.17
bleat,56.14
divot,56.14
twain,56.13
groin,56.12
guano,56.11
softy,56.11
moony,56.1
omega,56.1
ascot,56.07
etude,56.07
refit,56.07
celeb,56.05
nippy,56.05
hubby,56.04
ghoul,56.02
balsa,56
beady,56
colic,56
macaw,56
hooch,55.99
rebid,55.99
tubby,55.99
bleep,55.97
babka,55.96
egret,55.96
elope,55.96
scamp,55.96
tithe,55.96
yahoo,55.96
primo,55.94
umber,55.94
cubby,55.92
miler,55.92
betel,55.91
byway,55.91
elide,55.91
finch,55.91
feces,55.9
goopy,55.89
alder,55.87
panty,55.87
tuber,55.85
folio,55.84
quant,55.82
bitty,55.78
ambit,55.76
huffy,55.74
miter,55.74
sally,55.74
fritz,55.73
quaff,55.73
zilch,55.73
amaro,55.71
seder,55.71
vampy,55.69
corgi,55.67
filer,55.67
grift,55.65
lemur,55.65
splay,55.65
gassy,55.63
shoal,55.61
thine,55.61
miser,55.58
natal,55.58
bezel,55.56
latke,55.56
louse,55.56
bilge,55.54
cluck,55.54
clunk,55.54
hoppy,55.54
squib,55.54
polyp,55.52
dreck,55.5
hydra,55.5
aloha,55.48
clave,55.48
pleat,55.48
voile,55.48
quark,55.43
tater,55.43
yodel,55.43
malty,55.41
nacho,55.41
xenon,55.41
bible,55.39
grump,55.38
knish,55.38
ruing,55.38
carny,55.36
cuing,55.36
venti,55.36
assay,55.33
exurb,55.33
kiddo,55.33
reiki,55.33
wooly,55.33
fleck,55.31
serif,55.31
admin,55.28
inapt,55.28
klutz,55.28
plonk,55.28
gabby,55.26
larch,55.26
singe,55.26
toddy,55.26
daunt,55.23
enema,55.23
topaz,55.23
radon,55.2
stein,55.2
frizz,55.18
mosey,55.18
acing,55.15
dippy,55.15
porgy,55.15
rosin,55.12
copse,55.09
gussy,55.09
stele,55.09
bough,55.07
wormy,55.07
hertz,55.04
lotto,55.01
carat,54.98
choux,54.98
scrip,54.98
soppy,54.98
whorl,54.98
civet,54.95
frond,54.95
harpy,54.95
argon,54.92
pansy,54.92
femme,54.91
silty,54.88
arbor,54.86
clime,54.79
dally,54.79
frise,54.79
qualm,54.79
roust,54.79
smite,54.79
swami,54.79
poofy,54.75
flowy,54.72
hippy,54.72
luger,54.72
ninny,54.72
toady,54.72
cairn,54.68
popup,54.68
doily,54.65
myrrh,54.65
prion,54.65
axing,54.61
udder,54.61
agora,54.57
bower,54.53
cress,54.53
golem,54.53
savoy,54.53
burro,54.49
plink,54.49
unsee,54.49
wurst,54.49
tubal,54.46
bandy,54.42
dater,54.42
ethyl,54.37
faker,54.37
briar,54.33
cavil,54.33
codex,54.33
duchy,54.33
fugal,54.33
plait,54.33
tromp,54.33
biter,54.29
bendy,54.25
boron,54.25
droid,54.25
droit,54.25
getup,54.25
booty,54.23
capon,54.2
carob,54.2
licit,54.2
ruder,54.2
scree,54.2
gamey,54.16
melty,54.16
auger,54.11
glace,54.11
spilt,54.11
swain,54.06
aphid,54.01
cadge,53.96
sedge,53.96
warty,53.96
waxen,53.96
cupid,53.91
edify,53.91
gnash,53.91
hacky,53.91
peaty,53.91
ducky,53.86
scald,53.86
shyer,53.86
yokel,53.86
moray,53.81
primp,53.76
dowel,53.7
loupe,53.7
mooch,53.7
nappy,53.7
aster,53.64
chary,53.64
gorse,53.64
biome,53.59
debug,53.59
dweeb,53.59
kefir,53.59
spiff,53.59
amigo,53.53
anima,53.53
covey,53.53
poser,53.53
twerp,53.46
unfed,53.46
gulch,53.4
hymen,53.4
smarm,53.4
strew,53.4
booby,53.39
deify,53.34
mixup,53.34
oaken,53.34
fungo,53.2
beaut,53.14
recon,53.14
holey,53.06
piste,53.06
playa,53.06
polis,53.06
pupae,53.06
winey,53.06
adios,52.99
butte,52.99
glowy,52.99
incel,52.99
yappy,52.99
prick,52.98
plebe,52.92
druid,52.84
scape,52.84
howdy,52.76
scram,52.68
scull,52.68
whist,52.68
chino,52.59
inure,52.59
mamma,52.59
twerk,52.59
axial,52.51
calve,52.51
filch,52.51
pricy,52.51
rager,52.51
eclat,52.42
geode,52.42
retch,52.42
swale,52.42
whirr,52.42
flume,52.33
gutty,52.33
humus,52.33
mange,52.33
pacer,52.33
vroom,52.33
dingo,52.23
doper,52.23
gayer,52.23
guppy,52.23
hussy,52.23
lorry,52.23
emery,52.13
knave,52.13
remap,52.13
boule,52.03
frack,52.03
molly,52.03
paver,52.03
bipod,51.93
icier,51.93
biped,51.82
cilia,51.82
clomp,51.82
wrack,51.82
nutso,51.71
scrod,51.71
datum,51.59
spork,51.59
steno,51.59
sooth,51.48
glyph,51.35
janky,51.35
whomp,51.35
abase,51.22
curia,51.22
ebook,51.22
hanky,51.22
idler,51.22
kissy,51.22
mould,51.22
nitro,51.22
reran,51.22
veiny,51.22
huggy,50.95
ingot,50.95
padre,50.95
raver,50.95
whelk,50.95
belay,50.81
borax,50.81
shire,50.81
midge,50.66
piker,50.66
tilde,50.66
trike,50.66
veldt,50.66
astir,50.5
boing,50.5
fogey,50.5
frump,50.5
germy,50.5
verso,50.5
kempt,50.34
lippy,50.34
reify,50.34
smush,50.34
trier,50.34
crick,50.17
ionic,50.17
tapir,50.17
atria,50
croup,50
jimmy,50
payee,50
karat,49.81
dutch,49.62
prise,49.62
smote,49.62
spume,49.62
brava,49.42
cruet,49.42
oxbow,49.42
boric,49.21
gunky,49.21
harry,49.21
lacey,49.21
matey,49.21
repot,49.21
taser,49.21
umbra,49.21
oiler,48.99
rajah,48.99
willy,48.99
bronc,48.76
joist,48.76
liege,48.76
rater,48.76
bolus,48.52
carer,48.52
drake,48.52
gazer,48.52
mamba,48.52
orate,48.52
uvula,48.52
adder,48.26
brier,48.26
ovine,48.26
trice,48.26
addle,47.99
ivied,47.99
kvell,47.99
neigh,47.99
okapi,47.99
waken,47.99
bevel,47.7
lamer,47.7
malic,47.4
aider,47.09
loris,47.09
phage,47.09
poesy,47.09
relit,47.09
roper,47.09
zonal,47.09
judgy,46.75
nodal,46.75
smith,46.75
snoot,46.75
burka,46.61
anode,46.39
anole,46.39
kabob,46.39
loess,46.39
quoth,46.39
talus,46.39
babel,46.01
churl,46.01
junto,46.01
phish,46.01
bulgy,45.6
bursa,45.6
eider,45.6
glute,45.6
whizz,45.6
baler,45.17
deist,45.17
ester,45.17
lordy,45.17
nabob,45.17
sigma,45.17
theta,45.17
torus,45.17
asker,44.71
barer,44.71
dilly,44.71
kappa,44.71
nosey,44.71
pudge,44.71
radii,44.71
retie,44.71
stile,44.71
tress,44.71
wight,44.71
bonny,44.21
gloop,44.21
logon,44.21
prole,44.21
unbox,44.21
uncap,44.21
beryl,43.67
bitsy,43.67
hinky,43.67
leant,43.67
scarp,43.67
sower,43.67
telos,43.67
twixt,43.67
vaunt,43.67
elate,43.1
fakir,43.1
parch,43.1
swash,43.1
sabre,42.48
amuck,42.47
coati,42.47
gnarl,42.47
unset,42.47
copay,41.8
lumen,41.8
missy,41.8
hider,41.06
toney,41.06
avast,40.26
cheep,40.26
couth,40.26
edger,40.26
fader,40.26
samey,40.26
situp,40.26
cubit,39.38
dozer,39.38
hocus,39.38
hoody,39.38
outgo,39.38
wooer,39.38
crump,38.42
frosh,38.42
hulky,38.42
lolly,38.42
schwa,38.42
unpin,38.42
untag,38.42
befog,37.35
bogie,37.35
corky,37.35
joule,37.35
moper,37.35
utile,37.35
conic,36.17
corer,36.17
gonad,36.17
ouija,36.17
parer,36.17
snarf,36.17
stoma,36.17
wader,36.17
whelp,36.17
metre,36.01
baldy,34.85
clade,34.85
hirer,34.85
titer,34.85
biddy,32.16
litre,25.59
boner,14.35
torah,14.35
aunty,3.34
debar,3.34
ogler,3.34
plasm,3.34
tetra,3.34
aboil,3.17
bruin,3.17
dowse,3.17
ducat,3.17
unjam,3.17
afore,2.98
boney,2.98
dicer,2.98
iliac,2.98
naggy,2.98
ovate,2.98
tufty,2.98
axion,2.77
lexis,2.77
ralph,2.77
rheum,2.77
unsay,2.77
defog,2.52
glamp,2.52
humph,2.52
rebuy,2.52
roger,2.52
swang,2.52
achoo,2.23
caput,2.23
caret,2.23
curer,2.23
lemma,2.23
redub,2.23
unarm,2.23
gayly,1.9
gloam,1.9
minim,1.9
octal,1.9
refry,1.9
besot,1.51
meshy,1.51
plier,1.51
abash,1.05
educe,1.05
evert,1.05
pipet,1.05
resaw,1.05
retag,1.05
tonga,1.05
moult,0.84
firth,0.71
annal,0.53
brusk,0.53
quran,0.27
abled,0.13
ached,0.13
acted,0.13
added,0.13
aided,0.13
ailed,0.13
aimed,0.13
aired,0.13
amped,0.13
arced,0.13
ashed,0.13
asked,0.13
baled,0.13
bared,0.13
based,0.13
bated,0.13
bayed,0.13
bided,0.13
biked,0.13
boded,0.13
boned,0.13
booed,0.13
bowed,0.13
boxed,0.13
bused,0.13
caged,0.13
caked,0.13
caned,0.13
caped,0.13
cared,0.13
cased,0.13
caved,0.13
cawed,0.13
ceded,0.13
cited,0.13
clued,0.13
coded,0.13
coned,0.13
cooed,0.13
coped,0.13
cored,0.13
cowed,0.13
coxed,0.13
cubed,0.13
cured,0.13
dared,0.13
dated,0.13
dazed,0.13
diced,0.13
diked,0.13
dined,0.13
dived,0.13
doled,0.13
doped,0.13
dosed,0.13
doted,0.13
dozed,0.13
duked,0.13
duped,0.13
eared,0.13
eased,0.13
ebbed,0.13
edged,0.13
egged,0.13
ended,0.13
erred,0.13
faced,0.13
faded,0.13
faked,0.13
fared,0.13
fated,0.13
faxed,0.13
fazed,0.13
feted,0.13
filed,0.13
fined,0.13
fired,0.13
fixed,0.13
flied,0.13
fumed,0.13
fused,0.13
gamed,0.13
gaped,0.13
gazed,0.13
gibed,0.13
glued,0.13
gored,0.13
hated,0.13
hazed,0.13
hewed,0.13
hexed,0.13
hiked,0.13
hired,0.13
hived,0.13
holed,0.13
homed,0.13
honed,0.13
hoped,0.13
hosed,0.13
hyped,0.13
idled,0.13
imbed,0.13
inked,0.13
irked,0.13
jawed,0.13
jibed,0.13
joked,0.13
juked,0.13
keyed,0.13
kneed,0.13
koran,0.13
laced,0.13
lamed,0.13
laved,0.13
lazed,0.13
liked,0.13
lined,0.13
lived,0.13
lobed,0.13
loped,0.13
loved,0.13
lubed,0.13
lured,0.13
luted,0.13
mated,0.13
maxed,0.13
meted,0.13
mewed,0.13
miked,0.13
mimed,0.13
mined,0.13
mired,0.13
mixed,0.13
mooed,0.13
moved,0.13
mowed,0.13
mused,0.13
muted,0.13
named,0.13
nixed,0.13
nosed,0.13
noted,0.13
nuked,0.13
oared,0.13
offed,0.13
ogled,0.13
oiled,0.13
oozed,0.13
opted,0.13
orbed,0.13
outed,0.13
owned,0.13
paced,0.13
paged,0.13
paled,0.13
pared,0.13
paved,0.13
pawed,0.13
piked,0.13
piled,0.13
pined,0.13
piped,0.13
plied,0.13
poked,0.13
poled,0.13
pored,0.13
posed,0.13
puked,0.13
raced,0.13
raged,0.13
raked,0.13
rated,0.13
raved,0.13
razed,0.13
riled,0.13
robed,0.13
roped,0.13
roved,0.13
rowed,0.13
ruled,0.13
sated,0.13
saved,0.13
sawed,0.13
sewed,0.13
shoed,0.13
sided,0.13
sired,0.13
sited,0.13
sized,0.13
skied,0.13
soled,0.13
sowed,0.13
tamed,0.13
taped,0.13
tased,0.13
taxed,0.13
tided,0.13
tiled,0.13
timed,0.13
toned,0.13
toted,0.13
towed,0.13
toyed,0.13
treed,0.13
tubed,0.13
tuned,0.13
typed,0.13
upped,0.13
urged,0.13
vaped,0.13
vexed,0.13
vined,0.13
voted,0.13
vowed,0.13
waded,0.13
waged,0.13
waked,0.13
waned,0.13
waved,0.13
waxed,0.13
wiled,0.13
wined,0.13
wiped,0.13
wired,0.13
wooed,0.13
wowed,0.13
yoked,0.13
zoned,0.13